title,company,location,stipend,skills
Creative Design,SACOM INNOVATIONS AND TECHNOLOGIES PRIVATE LIMITED,Mumbai,"₹ 10,000 - 15,000 /month","Adobe Photoshop, CorelDRAW, Adobe Illustrator, Adobe Premiere Pro, Digital Illustration"
Volunteering,NayePankh Foundation,Work from home,"₹ 1,500 - 15,000 lump sum","Social Media Marketing, MS-Office, Negotiation, Time Management, Networking, Strategy, MS-Excel"
AI Video Editor,Veoforge,Bangalore,"₹ 20,000 /month","Adobe Creative Suite, Prompt Engineering"
Content Writing,ViralChilly,Jaipur,"₹ 5,000 - 6,000 /month","Creative Writing, English Proficiency (Written)"
Business Development (South Indian),Copper Connections Limited,Delhi,"₹ 14,000 - 15,000 /month","English Proficiency (Spoken), English Proficiency (Written), Hindi Proficiency (Spoken), Telugu Proficiency (Spoken), Tamil Proficiency (Spoken), Kannada Proficiency (Spoken), Malayalam Proficiency (Spoken)"
Social Media & Content Manager,Bizzaro,Delhi,"₹ 10,000 - 15,000 /month","Social Media Marketing, Content Management, Research and Analytics, Marketing, Marketing Campaigns"
Business Development (Sales),Twocorex (OPC) Private Limited,"Thane, Navi Mumbai, Mumbai","₹ 10,000 - 20,000 /month","English Proficiency (Spoken), Sales"
Customer Service/Customer Support,Relomi Corporate Services LLP,Mumbai,"₹ 15,000 - 20,000 /month","MS-Office, Computer skills, Hospitality, English Proficiency (Spoken), English Proficiency (Written)"
Operations,R.G.J.DASS,Secunderabad,"₹ 10,000 - 10,001 /month","MS-Word, Accounting, MS-Excel, Data entry, Inventory Management, English Proficiency (Written)"
Video Editing/Making,Dibiz Solutions,Mumbai,"₹ 15,000 - 20,000 /month","Video Editing, Adobe Premiere Pro, Final Cut Pro, Video Making, Adobe After Effects, Cinematography, DaVinci Resolve"
CAD Design,VIZON,"Dehradun, Bangalore","₹ 11,000 - 20,000 /month","Blender 3D, Autodesk Fusion 360, CAD"
CAD Design,VIZON,Work from home,"₹ 11,000 - 20,000 /month","SolidWorks, Blender 3D, Autodesk Fusion 360, CAD"
Graphic Design,VIZON,Work from home,"₹ 10,500 - 20,000 /month","Adobe Photoshop, Adobe Illustrator, Video Editing, Adobe Premiere Pro, Adobe Creative Suite, UI & UX Design, Canva"
Telecaller,Angel One (AP),Work from home,"₹ 2,000 - 10,000 /month","Social Media Marketing, Digital Marketing, Stock Trading, Sales, Marketing"
Game Development,VIZON,Work from home,"₹ 15,000 - 20,000 /month","C#, Blender 3D, Unity Engine"
3D Designer,VIZON,Dehradun,"₹ 12,000 - 21,000 /month","Blender 3D, Unreal Engine, Unity Engine, CAD"
Global Volunteering Intern,AIESEC India,Top international cities,Unpaid,"Event Management, Content Writing, Planning, Teaching, Research and Analytics, Market research, Marketing"
Recruitment,NoBroker Technologies Solutions Private Limited,Bangalore,"₹ 12,500 - 18,000 /month","MS-Office, MS-Excel, English Proficiency (Spoken)"
Human Resources (HR),Vindhya E Infomedia Private Limited,Bangalore,"₹ 10,000 - 15,000 /month","MS-Office, Recruitment, MS-Excel, English Proficiency (Spoken)"
Marketing,Vilcart,Bangalore,"₹ 5,000 - 15,000 /month","Social Media Marketing, Digital Marketing, Content Marketing"
Business Analytics,Praxis Home Retail Limited,Mumbai,"₹ 7,000 - 10,000 /month","MS-Office, MS-Excel, Power BI, Research and Analytics"
Telecalling,MoveInSync Technology Solutions Private Limited,Bangalore,"₹ 18,000 - 19,000 /month","MS-Excel, Problem Solving, English Proficiency (Spoken), English Proficiency (Written), Hindi Proficiency (Spoken), Effective Communication"
Curriculum Developer - English/EVS/History/Hindi,Ampersand Group: Vibgyor Group Of Schools,Mumbai,"₹ 15,000 - 20,000 /month","Content Writing, Curriculum Development"
Human Resources (HR),Community Action Through Motivation Program,Bhopal,"₹ 3,000 /month",MS-Office
Assistance Director (Video Ads & TV Advertising),Viacom India LLP,"Delhi, Gurgaon","₹ 5,000 - 7,000 /month","Content Writing, Adobe Creative Suite, Creative Writing, Copywriting, Report Writing, English Proficiency (Spoken), English Proficiency (Written)"
Video Editing/Making,Scaler Academy,Bangalore,"₹ 20,000 - 25,000 /month","Social Media Marketing, Adobe Photoshop, Adobe Illustrator, Video Editing, Adobe Premiere Pro, Final Cut Pro, Videography"
Social Media Marketing,T C INDIA,Navi Mumbai,"₹ 7,000 - 10,000 /month","Presentation skills, English Proficiency (Spoken), Canva, Effective Communication, Gemini"
Business Development (Sales),Viacom India LLP,Gurgaon,"₹ 7,000 - 10,000 /month","Social Media Marketing, Digital Marketing, Email Marketing, MS-Excel, English Proficiency (Spoken), English Proficiency (Written)"
Human Resources (HR),Sky Automobiles,"Bhubaneswar, Cuttack","₹ 2,000 - 5,000 /month","MS-Office, MS-Word, MS-Excel, Human Resources, English Proficiency (Spoken), English Proficiency (Written)"
Sales & Business Development,Reliance Entertainment,Mumbai,"₹ 10,000 - 12,000 /month","Lead Generation, Market research, Sales, Marketing"
Marketing,Anderson Diagnostics And Lab,Chennai,"₹ 10,000 - 12,000 /month","Email Marketing, English Proficiency (Spoken)"
Community Management,CK Birla Healthcare Private Limited,Gurgaon,"₹ 18,000 - 20,000 /month",Paid Advertising
Recruitment,Vindhya E Infomedia Private Limited,Bangalore,"₹ 5,000 - 8,000 /month","Recruitment, Talent Management"
Sales,NoBroker Technologies Solutions Private Limited,"Faridabad, Delhi, Gurgaon, Noida","₹ 8,000 - 20,000 /month","Negotiation, Lead Generation, Sales, Field Sales"
Web Development,VIZON,"Dehradun, Bangalore","₹ 12,000 - 20,000 /month","HTML, CSS, JavaScript, UI & UX Design, Frontend development, Backend development, Amazon Web Services (AWS)"
Web Development,VIZON,Work from home,"₹ 10,000 - 20,000 /month","HTML, CSS, JavaScript, Cloud Computing, UI & UX Design"
Talent Acquisition,NoBroker Technologies Solutions Private Limited,Bangalore,"₹ 12,500 - 33,000 /month","MS-Excel, English Proficiency (Spoken)"
Human Resources (HR),Hansa Cequity,Mumbai,"₹ 10,000 - 15,000 /month","MS-Excel, Payroll"
Global Talent Intern,AIESEC India,Top international cities,Unpaid,"Social Media Marketing, Finance, Digital Marketing, Data Analytics, Mobile Application Development, Business Analysis, Web development"
Tech Support & Operations,FileSure India Private Limited,Work from home,"₹ 5,000 - 10,000 /month","Python, MongoDB, Node.js, Express.js, Next.js, AWS Lambda"
Search Engine Optimization (SEO),Shunya Digital,Work from home,"₹ 3,500 - 5,001 /month","Social Media Marketing, Content Writing, Google Analytics, Search Engine Marketing (SEM), WordPress, Digital Marketing, Google AdWords"
Business Intelligence,Founding Years Learning Solutions Private Limited,"Pune, Mumbai","₹ 15,000 - 25,000 /month","Research and Analytics, Market research, Marketing"
Human Resources (HR),Bharti Axa Life Insurance Company Limited,Mumbai,"₹ 15,000 - 20,000 /month","MS-Office, MS-Excel, Employment engagement, Administrative Support, HR Policies"
Customer Service/Customer Support,Lifestyle International Private Limited,Noida,"₹ 7,000 /month",Retail Management
Data Analytics,VIZON,Work from home,"₹ 10,000 - 17,000 /month","Python, SQL, Data Analytics, MS-Excel, Data Science, Power BI"
Recruitment,V5 Global Services,Delhi,"₹ 7,000 - 13,000 /month","Recruitment, English Proficiency (Spoken)"
Video Editing/Making,Shunya Digital,Work from home,"₹ 5,500 - 7,001 /month","Adobe Photoshop, Adobe Illustrator, Video Editing, Adobe Premiere Pro, Final Cut Pro, Video Making, Adobe After Effects"
Travel Consultant,TripIQ Holiday Marketplace,Noida,"₹ 20,000 - 70,000 /month","Sales, Effective Communication, Travel Itinerary Making, Holiday Package Design"
Social Media Marketing,Imarticus Learning Private Limited,Mumbai,"₹ 12,000 - 15,000 /month","Social Media Marketing, Video Editing, Video Making, Instagram Marketing"
Talent Acquisition,Fitelo,Mohali,"₹ 15,000 - 18,000 /month","Recruitment, MS-Excel, Effective Communication"
Database Building/Management,Family Health Plan Insurance TPA Ltd,Chennai,"₹ 8,000 - 9,500 /month","MS-Office, MS-Excel"
Video Editing/Making,Vaibhav Global Limited,Jaipur,"₹ 12,000 - 14,000 /month","Adobe Photoshop, Video Editing, Adobe Premiere Pro, Final Cut Pro, Video Making, DaVinci Resolve"
Campus Ambassador,LeapScholar,Jaipur,Performance Based,"Leadership, Event Management, Public Speaking, Interpersonal skills, Effective Communication"
Linux Engineer,VIZON,Dehradun,"₹ 12,000 - 23,000 /month","Cloud Computing, Python, Linux, C Programming, Shell Scripting, C++ Programming, Amazon Web Services (AWS)"
Animation,VIZON,Dehradun,"₹ 14,000 - 26,000 /month","Adobe Photoshop, Adobe Illustrator, Video Editing, Adobe Premiere Pro, Animation, Adobe After Effects, Blender 3D"
Business Strategy,VIZON,Work from home,"₹ 8,000 - 16,000 /month","MS-PowerPoint, Strategy, MS-Excel, Google Docs, Human Resources, English Proficiency (Spoken), English Proficiency (Written)"
Business Strategy,VIZON,Dehradun,"₹ 8,000 - 16,000 /month","MS-PowerPoint, Strategy, MS-Excel, Google Docs, Human Resources, English Proficiency (Spoken), English Proficiency (Written)"
B. Pharmacy,Pulse Pharmaceuticals,Hyderabad,"₹ 15,000 - 20,000 /month","MS-Office, Performance Testing, Performance Appraisal, Research and Analytics, Google Workspace, Effective Communication, Written Communication"
Digital Marketing,Susa Nuts Private Limited,Ludhiana,"₹ 8,000 - 14,000 /month","Social Media Marketing, Search Engine Marketing (SEM), Creative Writing"
Social Media Marketing,Visual Eyes Films,Hyderabad,"₹ 5,000 - 15,000 /month","Social Media Marketing, Search Engine Marketing (SEM), Digital Marketing, Search Engine Optimization (SEO), Facebook Marketing, Creative Writing, Instagram Marketing"
Sales and Marketing,Visual Eyes Films,Hyderabad,"₹ 5,000 - 15,000 /month","Social Media Marketing, Digital Marketing, MS-Excel"
Content Writing,Katalyst Software Services Limited,Pune,"₹ 7,000 - 1,00,001 /month","Content Writing, Blogging, Search Engine Optimization (SEO), Creative Writing"
HR (Recruitment),Team Management Services,"Thane, Navi Mumbai, Dombivli, Kalyan, Mumbai, Vashi, Vashi Navi Mumbai","₹ 8,000 - 10,000 /month","Recruitment, MS-Word, Cold Calling, MS-Excel, Interpersonal skills, Effective Communication"
Sales Communication,Fashion TV India,Mumbai,"₹ 10,000 - 15,000 /month","MS-Excel, Computer skills, English Proficiency (Spoken), Effective Communication"
2D Motion Graphics Artist,House Sparrow Films,Bangalore,"₹ 12,000 - 15,000 /month","Animation, 2D Animation, Adobe After Effects, Motion Graphics"
Customer Service/Customer Support,Prodian Infotech,Chennai,"₹ 10,000 - 1,20,000 /month","MS-Office, Client Interaction, MS-Excel, English Proficiency (Spoken), Customer Support"
Human Resources (HR),ESAF Small Finance Bank,Nagpur,"₹ 10,000 - 13,000 /month","MS-Excel, English Proficiency (Spoken), English Proficiency (Written)"
Graphic Design,Europ Assistance,Mumbai,"₹ 7,000 - 15,000 /month","Adobe Creative Suite, Canva"
Full Stack Development,VIZON,Dehradun,"₹ 12,000 - 20,000 /month","HTML, CSS, JavaScript, UI & UX Design, Frontend development, Backend development, Amazon Web Services (AWS)"
Graphic Design,Angel One Limited,"Mumbai, Bangalore","₹ 10,000 - 15,000 /month","Adobe Photoshop, Adobe Creative Suite, Typography, Adobe After Effects, GitHub, Canva, Figma"
Human Resource Business Partner,LeapScholar,Bangalore,"₹ 20,000 /month","Effective Communication, Self-learning"
Digital Marketing,SysTools Software Private Limited,"Delhi, Dwarka","₹ 5,000 - 10,000 /month","Content Writing, Search Engine Marketing (SEM), Digital Marketing, Search Engine Optimization (SEO), Creative Writing, Email Marketing, Content Management"
Graphic Design,Epic,Noida,"₹ 5,000 - 10,000 /month","Adobe Photoshop, UI & UX Design, Canva"
Database Building/Management,BrandWagon - The Financial Express,Noida,"₹ 5,000 - 10,000 /month","MS-Office, MS-Excel, Business Research, Data Analysis"
Research – Software Driveline Modeling (Tractors),CNH Industrial,Gurgaon,"₹ 30,000 - 40,000 /month","MATLAB, Simulink, Simulation and Modeling"
Videography,Paracoat Products Limited,Bhiwadi,"₹ 10,000 - 14,000 /month","Videography, Effective Communication"
Customer Service/Customer Support,Justdial Limited,Pune,"₹ 12,000 - 14,500 /month","Client Relationship, English Proficiency (Spoken), Effective Communication, Customer Support"
Open Knowledge Project,IIIT Hyderabad,Work from home,"₹ 6,000 lump sum","Computer skills, Data Analysis, Data Annotation, Python Libraries"
Sales,Angel One (AP),Work from home,"₹ 2,000 - 20,000 /month","Digital Marketing, Marketing, Effective Communication"
Inside Sales,Angel One (AP),Work from home,"₹ 2,000 - 20,000 /month",Effective Communication
Human Resources (HR),Hungama Digital Media Entertainment Private Limited,Mumbai,"₹ 8,000 - 10,000 /month","MS-Office, MS-Word, MS-Excel, English Proficiency (Spoken), English Proficiency (Written)"
Business Development (Sales),Angel One (AP),Work from home,"₹ 2,000 - 20,000 /month",Email Marketing
Business Development (Sales),Angel One (AP),Work from home,"₹ 2,000 - 10,000 /month","Social Media Marketing, Digital Marketing, Stock Trading, Sales, Marketing, Effective Communication"
Marketing,FPT Industrial ( CNH Industrial),"Chennai, Pune, Greater Noida, Delhi, Noida","₹ 4,000 - 7,000 /month","Social Media Marketing, MS-Office, Digital Marketing, MS-Excel, English Proficiency (Spoken), English Proficiency (Written)"
Merchandising,Paracoat Products Limited,"Delhi, Gurgaon, Noida","₹ 10,000 /month","Merchandising, Effective Communication"
Videography,Shunya Digital,Uttarkashi,"₹ 5,000 - 10,000 /month","Adobe Photoshop, Video Editing, Videography, Video Making, Storytelling"
Sales Consultant,Aditya Birla Fashion & Retail Limited (ABFRL),"Navi Mumbai, Panvel Sub-District","₹ 15,001 /month",Sales
Sales and Marketing,CaratLane Trading Private Limited,"Pune, Pimpri-Chinchwad","₹ 12,000 - 15,000 /month","Client Relationship Management (CRM), Sales Support, Retail Management, Business Development, Interpersonal skills, Sales, Marketing"
Financial Research & Content Writing (NBFC Sector),Shunya Digital,Work from home,"₹ 1,000 - 3,000 /month","Content Writing, Search Engine Optimization (SEO), MS-Excel, Financial Analysis, Research and Analytics, Statutory compliances"
Content Research,TEDxGateway,Delhi,"₹ 8,000 - 10,000 /month","Content Writing, Interpersonal skills, Research and Analytics, Effective Communication, Data Analysis, Content Editing"
Marketing,Cosmo Realtors,Gurgaon,"₹ 13,000 - 40,000 /month","MS-Excel, English Proficiency (Spoken), English Proficiency (Written), Marketing"
Digital Marketing,KG Invicta Services,Coimbatore,"₹ 2,000 - 5,000 /month","Digital Marketing, Search Engine Optimization (SEO), English Proficiency (Written), Research and Analytics"
AI Agent Development,Shunya Digital,Delhi,"₹ 10,000 - 28,000 /month","Python, MS-Excel, Automation, React, English Proficiency (Written), Artificial intelligence, APIs"
Business Development (Sales),Shunya Digital,Delhi,"₹ 10,000 - 28,000 /month","Social Media Marketing, Email Marketing, MS-Excel, Client Relationship Management (CRM), Lead Generation, English Proficiency (Spoken), English Proficiency (Written)"
Management Trainee - Student Tele-Counseling,AECC Global,"Delhi, Gurgaon","₹ 15,000 /month","Interpersonal skills, Effective Communication"
Video Editing/Making,Shunya Digital,Delhi,"₹ 6,000 - 12,000 /month","Adobe Photoshop, Adobe Illustrator, Video Editing, Adobe Premiere Pro, Final Cut Pro, Video Making, Adobe After Effects"
Human Resources (HR),Vindhya E Infomedia Private Limited,Bangalore,"₹ 3,000 - 4,000 /month","MS-Office, Effective Communication"
Accounts,Pulse Pharmaceuticals,Hyderabad,"₹ 15,000 - 20,000 /month","MS-Office, Accounting, English Proficiency (Spoken), English Proficiency (Written), Self-learning"
Sales and Marketing,Paracoat Products Limited,Gurgaon,"₹ 10,000 /month","Time Management, Market Analysis, MS-Excel, Lead Generation, Client Relationship, English Proficiency (Spoken), English Proficiency (Written)"
Social Media Marketing,Persistent Networks Private Limited,"Bhubaneswar, Cuttack, Medinipur, Bankura, Kharagpur, Jatni, Jaleswar, Jhargram, Salboni, Egra, Belda, Gopiballabpur, Kantai, Kathi","₹ 3,000 - 6,000 /month","Social Media Marketing, Search Engine Marketing (SEM), Digital Marketing, Search Engine Optimization (SEO), Facebook Marketing, Creative Writing, Email Marketing"
Video Editing/Making,Recliners India Private Limited,Gurgaon,"₹ 5,000 - 8,000 /month","Adobe Photoshop, Adobe Illustrator, Video Editing, Adobe Premiere Pro, Final Cut Pro, Video Making, Capcut"
Digital Marketing,Audi Mumbai West,Mumbai,"₹ 15,000 /month","Social Media Marketing, Google Analytics, CorelDRAW, Search Engine Marketing (SEM), Digital Marketing, Accounting, Google AdWords"
Human Resources (HR),PropertyPistol,"Mumbai, Navi Mumbai","₹ 7,000 - 10,000 /month","Recruitment, English Proficiency (Spoken), English Proficiency (Written), HR Operations"
Graphic Design,Cricket Academy of Pathans,Delhi,"₹ 8,000 - 10,000 /month","Adobe Photoshop, CorelDRAW, Adobe Illustrator, Video Editing, Adobe Premiere Pro, UI & UX Design"
Learner Success,USDC Projects India Private Limited,Bangalore,"₹ 8,000 - 10,000 /month","MS-Excel, Effective Communication"
Real Estate Executive,Nisha Homes,Delhi,"₹ 15,000 - 40,000 /month","Coordination, Client Relationship, Market research, Sales, Effective Communication"
Telecaller Cum Admin Executive,T.I.M.E.,Nagpur,"₹ 8,000 - 10,000 /month","MS-Excel, English Proficiency (Written), Hindi Proficiency (Spoken), Interpersonal skills, Internet"
Digital Marketing,Paracoat Products Limited,Gurgaon,"₹ 10,000 /month","Google Analytics, Search Engine Marketing (SEM), Digital Marketing, Google AdWords, Facebook Ads, Effective Communication, Instagram Ads"
Business Development (Sales),LingoAce,Work from home,"₹ 20,000 - 76,000 /month","Client Interaction, Client Relationship, English Proficiency (Spoken), Sales, Customer Acquisition"
Recruitment Consultant,P&M,Gurgaon,"₹ 8,000 - 10,000 /month","Client Relationship, English Proficiency (Spoken), English Proficiency (Written)"
Social Media Marketing,Permeshwar Fashion Impex,Mumbai,"₹ 10,000 - 15,000 /month","Social Media Marketing, Content Writing, Digital Marketing, Facebook Marketing, Creative Writing, Email Marketing, Instagram Marketing"
Electronics Engineering,VIZON,Dehradun,"₹ 12,000 - 28,000 /month","Linux, ARM Microcontroller, Embedded Systems, Circuit Design, C Programming, PCB Design, Autodesk Fusion 360"
Category,Indian Gifts Portal,Mumbai,"₹ 12,000 - 15,000 /month",Merchandising
Telecalling,AECC Global,"Delhi, Gurgaon","₹ 15,000 /month","English Proficiency (Spoken), English Proficiency (Written)"
Graphic Design,Paracoat Products Limited,"Gurgaon, Delhi, Noida","₹ 10,000 /month","Adobe Photoshop, Adobe Illustrator, Adobe InDesign, Canva, Effective Communication, Graphic Design"
Digital Marketing,Pulse Pharmaceuticals,Hyderabad,"₹ 15,000 - 20,000 /month","Social Media Marketing, Content Writing, Google Analytics, Search Engine Marketing (SEM), Video Editing, Digital Marketing, Search Engine Optimization (SEO)"
Marketing,Invensis Technologies,Bangalore,"₹ 10,000 - 15,000 /month","MS-Office, Content Writing, Data Analytics, Search Engine Optimization (SEO), Email Marketing, MS-Excel, Content Management"
Career Counsellor,Moople Institute Of Animation And Design,Kolkata,"₹ 7,500 - 15,000 /month",Bengali Proficiency (Spoken)
Export Sales & Marketing,Paracoat Products Limited,Gurgaon,"₹ 10,000 /month","Time Management, Market Analysis, MS-Excel, Lead Generation, Client Relationship, English Proficiency (Spoken), English Proficiency (Written)"
Subject Matter Expert (SME) Maths,Arihant Publications,"Delhi, Ghaziabad, Noida","₹ 10,000 - 12,000 /month","MS-Office, Content Writing, Mathematics, English Proficiency (Spoken), English Proficiency (Written)"
"Subject Matter Expert (SME) – Science: Physics, Chemistry, And Biology",Arihant Publications,"Delhi, Ghaziabad, Noida","₹ 8,000 - 12,000 /month","Content Writing, Physics, Chemistry, Biology, English Proficiency (Spoken), English Proficiency (Written), Subject Matter Expert (SME)"
Subject Matter Expert (SME) – Social Studies: History And Geography,Arihant Publications,"Delhi, Ghaziabad, Noida","₹ 10,000 - 12,000 /month","MS-Office, Content Writing, English Proficiency (Spoken), English Proficiency (Written), Subject Matter Expert (SME)"
Subject Matter Expert (SME) - English,Arihant Publications,"Delhi, Ghaziabad, Noida","₹ 10,000 - 12,000 /month","MS-Office, English Proficiency (Spoken), English Proficiency (Written), Subject Matter Expert (SME)"
Subject Matter Expert (SME) - Hindi,Arihant Publications,"Delhi, Ghaziabad, Noida","₹ 10,000 - 12,000 /month","MS-Office, Content Writing, Computer skills, Hindi Proficiency (Spoken), Hindi Proficiency (Written)"
Subject Matter Expert (SME) - Computer Science (AI),Arihant Publications,"Ghaziabad, Greater Noida, Noida","₹ 10,000 - 12,000 /month","Computer skills, English Proficiency (Spoken), English Proficiency (Written), Artificial intelligence, Subject Matter Expert (SME)"
Video Editing/Making,91 Trucks,Gurgaon,"₹ 10,000 - 15,000 /month","MS-PowerPoint, Video Editing, Video Making, Adobe After Effects, Canva"
Marketing,University Of Essex,"Delhi, Gurgaon, Noida","₹ 25,000 /month","Social Media Marketing, Recruitment, Digital Marketing, Email Marketing, MS-Excel, English Proficiency (Spoken), English Proficiency (Written)"
Creative Design,Candy Toy Corporate Private Limited,Delhi,"₹ 2,000 - 2,500 /month","Adobe Photoshop, CorelDRAW, Adobe Illustrator, Adobe Premiere Pro"
Life Skills Trainer,Arihant Publications,"Faridabad, Delhi, Ghaziabad, Greater Noida, Noida","₹ 7,000 - 9,000 /month","English Proficiency (Spoken), English Proficiency (Written), Training and Development"
Global Volunteering Intern,"AIESEC India (Mumbai, India)",Top international cities,Unpaid,"Event Management, Content Writing, Planning, Teaching, Research and Analytics, Market research, Marketing"
Global Talent Intern,"AIESEC India (Mumbai, India)",Top international cities,N/A,"Social Media Marketing, Finance, Digital Marketing, Data Analytics, Mobile Application Development, Business Analysis, Web development"
Teaching,Eurokids International Private Limited,Hanamkonda,"₹ 8,000 /month","Teaching, English Proficiency (Spoken), English Proficiency (Written)"
Teaching,ITeach Schools,Turbhe,"₹ 7,500 - 12,000 /month","Teaching, English Proficiency (Spoken), English Proficiency (Written)"
Client Acquisition,Angel One (AP),Work from home,"₹ 1,000 - 20,000 /month","Digital Marketing, Marketing"
Business Development (Sales),Creative Mediapulse Technologies Private Limited (CMPTL),Work from home,"₹ 5,500 - 10,000 /month","English Proficiency (Spoken), Hindi Proficiency (Spoken)"
Trainee – Customer Service Executive,Spencers Retail Limited,Gurgaon,"₹ 5,000 - 8,000 /month","MS-Excel, Interpersonal skills, Effective Communication"
Trainee – Customer Service Executive,Spencers Retail Limited,Mumbai,"₹ 5,000 - 6,000 /month","MS-Excel, Interpersonal skills, Effective Communication"
Content and Social Media Marketing,Butterfly Learnings,Thane,"₹ 5,000 - 8,000 /month","Video Editing, Market Analysis, Storytelling, Cinematography, Emotional intelligence"
Business Strategy,ConsultiFI Data Services,Ranchi,"₹ 5,000 - 25,000 /month","Data Analytics, Strategy, Analytical Thinking, Business Analysis, Automation, Industrial automation"
Accounting & Taxation,CBS Ventures,Kochi,"₹ 3,000 - 6,000 /month","Accounting, Taxation, Financial Analysis, Data Analysis, Financial Reporting, Budget Management, GST"
Accounting & Tally,CBS Ventures,Kochi,"₹ 3,000 - 6,000 /month","Accounting, Tally, Taxation, Auditing, Advanced Excel, Data Analysis, Cash Flow Management"
Accounting & Bookkeeping,CBS Ventures,Kochi,"₹ 3,000 - 6,000 /month","Accounting, Taxation, Investment Banking, Auditing, Financial Analysis, Bank Reconciliation, Financial Reporting"
Accounting,CBS Ventures,Kochi,"₹ 3,000 - 6,000 /month","Accounting, Auditing, Financial Analysis, Enterprise Resource Planning(ERP), Financial planning, Financial Reporting"
Finance & Accounting,CBS Ventures,Kochi,"₹ 3,000 - 6,000 /month","Accounting, Auditing, Financial Analysis, Financial planning, Financial Reporting, Budget Management, Cash Flow Management"
Recruitment,Internshala,Gurgaon,"₹ 18,000 /month","MS-Office, Negotiation, Problem Solving, English Proficiency (Spoken), English Proficiency (Written)"
Finance,ZENFLOW FINANCE PRIVATE LIMITED,Bangalore,"₹ 3,000 /month","MS-Office, Accounting, Tally, MS-Excel, Financial Modeling, English Proficiency (Spoken), English Proficiency (Written)"
Full Stack Development,ZENFLOW FINANCE PRIVATE LIMITED,Bangalore,"₹ 4,000 /month","MySQL, CSS, MongoDB, AngularJS, Node.js, React"
Retention Marketing,The Wellness Shop,Jaipur,"₹ 5,000 - 10,000 /month",MS-Excel
Paid Ads,ViralChilly,Jaipur,"₹ 3,000 - 5,000 /month","Google AdWords, Search Engine Optimization (SEO), Canva, Facebook Ads"
Corporate Sales & Marketing Executive,Flying Stocks Technologies,Bangalore,"₹ 9,000 - 1,10,000 /month","MS-Office, Digital Marketing, Email Marketing, English Proficiency (Spoken)"
Business Development (Sales),Aspirants Stock Market Institute,Jaipur,"₹ 9,000 - 12,000 /month","Social Media Marketing, Digital Marketing, English Proficiency (Spoken), Effective Communication"
Business Development (Sales),Bullvision Capital,Mumbai,"₹ 8,000 /month","Cold Calling, Email Marketing, Client Relationship Management (CRM), Lead Generation, Sales, Financial Services, Google Sheets"
PCB Designing,Hbeonlabs Technologies  Private Limited,"Delhi, Greater Noida, Noida","₹ 10,000 - 12,000 /month",PCB Design
Video Editing/Making,GNF International,Ahmedabad,"₹ 10,000 - 12,000 /month","Video Editing, Capcut"
Content and Social Media Marketing,Regale Gifts,"Gurgaon, Delhi, Noida","₹ 9,000 - 12,000 /month","Social Media Marketing, Adobe Photoshop, Photography, Image Editing, Instagram Marketing, Graphic Design"
Product Loader,Hi Tours Group,Gurgaon,"₹ 12,000 - 15,000 /month","Product Development, Production Management, Interpersonal skills, Effective Communication"
Business Development (Sales),Gharpayy,Ahmedabad,"₹ 7,000 - 10,000 /month","Social Media Marketing, Digital Marketing, Email Marketing"
Law/Legal,EverTrust Legal,Mumbai,"₹ 4,000 - 5,000 /month","MS-Office, MS-Word, English Proficiency (Spoken), English Proficiency (Written)"
Business Development (Sales),RJPT Informatics,Raipur,"₹ 14,000 /month","English Proficiency (Spoken), English Proficiency (Written)"
Graphic Design,Next Step Talents Private Limited,"Kolkata, New Town","₹ 3,000 - 5,000 /month","Adobe Photoshop, Adobe Illustrator, Video Editing, Adobe Premiere Pro, Video Making, Adobe After Effects"
Operations,Next Step Talents Private Limited,"Kolkata, New Town","₹ 3,000 - 5,000 /month","MS-Office, MS-Word, MS-PowerPoint, MS-Excel, English Proficiency (Spoken), English Proficiency (Written)"
Graphic Design,Perch,Delhi,"₹ 10,000 - 15,000 /month","Adobe Photoshop, CorelDRAW, Adobe Illustrator, Adobe Premiere Pro, UI & UX Design"
Business Development (Sales),Blismos Solutions Private Limited,Bangalore,"₹ 15,000 - 20,001 /month","Social Media Marketing, Search Engine Marketing (SEM), Digital Marketing, Facebook Marketing"
Email Marketing,Sedani Digital Private Limited,Ahmedabad,"₹ 5,000 - 7,500 /month","Email Marketing, Email Management"
Digital Marketing,Next Step Talents Private Limited,"Kolkata, New Town","₹ 13,000 - 25,000 /month","Social Media Marketing, Digital Marketing, Search Engine Optimization (SEO)"
Subject Matter Expert (Civil Engineering),Requin Solutions Private Limited,Jaipur,"₹ 10,000 - 12,000 /month","AutoCAD, Autodesk Revit, STAAD.Pro, English Proficiency (Spoken), English Proficiency (Written)"
Photography,Rebiotic Solutions,Gurgaon,"₹ 20,000 /month","Adobe Photoshop, Video Editing, Photography, Video Making, Adobe Photoshop Lightroom CC"
Flutter Devlopment,PadosiAgent ServTech Pvt Ltd,Ahmedabad,"₹ 5,000 - 8,000 /month","Frontend development, Backend development, Database Management System (DBMS)"
E-commerce Executive,Rbsorting Hat Private Limited,"Chennai, Tambaram Sanatorium","₹ 10,000 /month","E-commerce, Logical reasoning, Google Workspace, Effective Communication, Data Analysis, Data Preparation"
Data Entry,Winway Consultancy Services Private Limited,"Ahmedabad, Rajkot, Surat, Vadodara","₹ 20,000 - 25,000 /month","MS-Office, MS-Excel"
Data Entry,Winway Consultancy Services Private Limited,"Jabalpur, Indore, Satna, Bhopal, Gwalior West","₹ 20,000 - 25,000 /month","MS-Office, MS-Excel"
AI Video/Image Generator/Editor,360 Digital Idea,Delhi,"₹ 3,001 - 5,002 /month","AI Video Generation, AI Image Generation, AI Voiceover"
Graphic Design,Turn Turtle,Kolkata,"₹ 10,000 - 15,000 /month","Adobe Photoshop, Canva"
Field Sales,Catalyze Systems Private Limited,"Kolhapur, Pune, Sangli, Thane, Navi Mumbai, Mumbai, Miraj, Pimpri-Chinchwad","₹ 5,001 - 55,000 /month","English Proficiency (Spoken), Hindi Proficiency (Spoken), Marathi Proficiency(Spoken)"
Influencer Marketing,360 Digital Idea,Delhi,"₹ 3,001 - 5,002 /month","Social Media Marketing, Branding, English Proficiency (Spoken), Research and Analytics, Effective Communication"
Business Development (Sales),Oceana Positive,"Telangana, Andhra Pradesh","₹ 8,000 - 10,000 /month","MS-Excel, English Proficiency (Spoken), Sales"
Business Development (Sales),Arhant Solutions,Ahmedabad,"₹ 3,000 - 10,000 /month","Social Media Marketing, Digital Marketing, Client Interaction, Email Marketing, MS-Excel, Lead Generation, English Proficiency (Spoken)"
Influencer Marketing,Career-Domain,Nagpur,"₹ 5,000 /month","Video Editing, Final Cut Pro, Video Making"
Customer Service/Customer Support,AAAMT Verticals Private Limited,Hyderabad,"₹ 12,000 - 16,000 /month","Problem Solving, Client Relationship Management (CRM), English Proficiency (Spoken), Hindi Proficiency (Spoken), Interpersonal skills, Effective Communication, Conflict Management"
Social Media Marketing,Career-Domain,Nagpur,"₹ 5,000 /month","Video Editing, Final Cut Pro, Video Making"
Social Impact & Community Support,Marpu Foundation,Hyderabad,Unpaid,"Team Management, Computer skills, Coordination, Teamwork, Effective Communication, Organizational Development"
Psychology,Conscript HR Advisors Private Limited,Pune,"₹ 2,000 /month",Psychology
Human Resources (HR),Athena School Of Management,Mumbai,"₹ 15,000 - 15,001 /month","English Proficiency (Spoken), English Proficiency (Written)"
Social Media Marketing,Health Total By Anjali Mukerjee,Mumbai,"₹ 10,000 - 15,000 /month","Social Media Marketing, Digital Marketing, Facebook Marketing, Creative Writing, Email Marketing, Instagram Marketing"
Student Volunteer,Marpu Foundation,Hyderabad,Unpaid,"Team Management, Computer skills, Coordination, Teamwork, Effective Communication, Community Management, Organizational Development"
Company Secretary (CS),Niviverse Technologies Private Limited,Work from home,"₹ 7,000 - 15,000 /month","MS-Office, MS-Word, Time Management, Company Law, English Proficiency (Spoken), English Proficiency (Written)"
Lead Generation,Material Intelligence Lab,Vadodara,"₹ 15,000 - 20,000 /month","Digital Marketing, MS-Excel, Copywriting, English Proficiency (Spoken), English Proficiency (Written), Business Development"
Sales and Marketing,Fabapps Lab Pvt Ltd,Dehradun,"₹ 15,000 - 25,000 /month","Public Relations, Interpersonal skills, Effective Communication"
AWS DevOps Engineer,Arhant Solutions,Ahmedabad,"₹ 3,000 - 10,000 /month","Linux, Docker, CI/CD, Amazon EC2, Amazon RDS, Amazon Route 53"
Chartered Accountancy (CA),Niviverse Technologies Private Limited,Work from home,"₹ 18,000 /month","Accounting, Tally, MS-Excel, Income Tax, GST"
.NET Development,COEPD (Center Of Excellence For Professional Development),Hyderabad,"₹ 5,000 - 6,500 /month","CSS, C#, ASP.NET, SQL, MS SQL Server, Model View Controller(MVC)"
Marketing,Brilliant Approach Private Limited,Ahmedabad,"₹ 7,000 - 10,000 /month","MS-Office, MS-Excel, English Proficiency (Spoken), English Proficiency (Written)"
Law/Legal,Mr n Mrs Pet,Jaipur,"₹ 10,000 - 15,000 /month","MS-Office, Legal Research, Legal Drafting, English Proficiency (Spoken), English Proficiency (Written), Legal Writing"
Social Media & ORM,Internshala,Gurgaon,"₹ 18,000 /month","Content Writing, ORM, English Proficiency (Written), Effective Communication, Community Management"
Sales and Marketing,Hinisys Software,Chennai,"₹ 5,000 - 8,000 /month","Digital Advertising, Hindi Proficiency (Spoken)"
Fashion Design,UCTC - Universal Classic Tshirts Company,Pune,"₹ 10,000 - 12,000 /month","Market Analysis, Fashion Designing, Coordination, Product Development, Procurement, Pattern making"
Volunteering,Conscript HR Advisors Private Limited,Pune,"₹ 2,000 /month","English Proficiency (Spoken), Hindi Proficiency (Spoken)"
Artificial Intelligence (AI),Arhant Solutions,Ahmedabad,"₹ 3,000 - 10,000 /month","Python, Machine Learning, Computer Vision, Neural Networks, Artificial intelligence"
Junior HR,The Affordable Organic Store,"Hyderabad, Kompally","₹ 10,000 - 15,000 /month","MS-Office, Time Management, MS-Excel, Coordination, English Proficiency (Spoken), English Proficiency (Written), Effective Communication"
Business Strategy,Conscript HR Advisors Private Limited,Work from home,"₹ 1,000 /month",Research and Analytics
Social Media Content Creator,360 Digital Idea,Delhi,"₹ 5,001 - 10,002 /month","Content Marketing, Effective Communication"
Business Development (Sales),Attento Technologies Pvt Ltd,"Pune, Pimpri-Chinchwad","₹ 10,001 - 15,000 /month","Field Work, Business Research, English Proficiency (Spoken), English Proficiency (Written), Business Development, Marathi Proficiency(Spoken), Interpersonal skills"
Human Resources (HR),Capes India,Mumbai,"₹ 5,000 - 12,000 /month","Recruitment, English Proficiency (Spoken), English Proficiency (Written), Effective Communication"
Social Media & Content Manager,Bizzaro,Delhi,"₹ 10,000 - 15,000 /month","Social Media Marketing, Content Management, Research and Analytics, Marketing, Marketing Campaigns"
Screenplay Development,P Se Picture,Mumbai,"₹ 15,000 - 20,000 /month","Creative Writing, English Proficiency (Written)"
Telecalling(Female Only),MYCASHFLOW,Nagpur,"₹ 11,500 - 17,000 /month","MS-Office, MS-Excel, Client Relationship Management (CRM), Effective Communication"
Tally Accountant,Expertbells Consulting Private Limited,Agra,"₹ 5,000 - 20,000 /month","Accounting, Tally, Income Tax, GST"
Telecalling,Vikash Tech Solution,"Ahmedabad, Vadodara, Bharuch","₹ 6,500 - 12,000 /month","Creative Thinking, MS-Excel, Effective Communication"
Mobile App Development,Arhant Solutions,Ahmedabad,"₹ 3,000 - 10,000 /month","Git, Flutter, Postman"
Data Entry,OMNIDYA TECH LLP,Ahmedabad,"₹ 10,000 - 12,500 /month","MS-Office, English Proficiency (Spoken), English Proficiency (Written)"
Database/System Architect,Arhant Solutions,Ahmedabad,"₹ 3,000 - 10,000 /month","MySQL, Data Structures, PostgreSQL, Database Management System (DBMS)"
Hardware/Firmware Design,RamsonTek IntelliSystem LLP,Bangalore,"₹ 10,000 - 15,000 /month","PCB Design, OrCAD, PCB Soldering, LTSpice, Digital Circuits, Analog Circuits, Simulation and Modeling"
Agriculture,The Affordable Organic Store,"Hyderabad, Kompally","₹ 7,000 - 8,000 /month","Negotiation, English Proficiency (Spoken), Hindi Proficiency (Spoken), Effective Communication"
Video Editing/Making,Manan Patodia,Mumbai,"₹ 15,000 - 21,000 /month","Video Editing, Adobe Premiere Pro, AI Image Generation"
Front End Development,Arhant Solutions,Ahmedabad,"₹ 3,000 - 10,000 /month","HTML, CSS, JavaScript, Frontend development, Vue.js, Tailwind CSS, Next.js"
Backend Development,Arhant Solutions,Ahmedabad,"₹ 3,000 - 10,000 /month","Python, Git, Node.js, Laravel, REST API, Postman"
Content and Social Media Marketing,Sammyukk Clothing Pvt Ltd,"Delhi, Noida","₹ 3,000 /month","Social Media Marketing, Video Editing, Influencer Marketing, Video Marketing"
Instagram Reels Editor,Career-Domain,Nagpur,"₹ 2,000 - 5,000 /month","Adobe Photoshop, Adobe Illustrator, Video Editing, Adobe Premiere Pro, Final Cut Pro, Video Making"
Social Media Video Editor,Career-Domain,Nagpur,"₹ 2,000 - 5,000 /month","Adobe Photoshop, Adobe Illustrator, Video Editing, Adobe Premiere Pro, Final Cut Pro, Video Making"
Video Content Creator,Career-Domain,Nagpur,"₹ 2,000 - 5,000 /month","Adobe Photoshop, Adobe Illustrator, Video Editing, Adobe Premiere Pro, Final Cut Pro, Video Making"
Business Development (Sales),Next Step Talents Private Limited,"Kolkata, Greater Noida, Noida, New Town","₹ 28,000 - 55,000 /month","Salesforce, MS-Excel, English Proficiency (Spoken)"
CA Articleship,"Agrawal Iyer And Associates LLP, Chartered Accountants",Mumbai,"₹ 10,000 /month","MS-Office, Time Management, Accounting, Problem Solving, English Proficiency (Written), Effective Communication"
Corporate Sales,Shikharpe Private Limited,"Gurgaon, Noida","₹ 20,000 - 30,000 /month","Social Media Marketing, MS-Office, Digital Marketing, Email Marketing, MS-Excel, Client Relationship Management (CRM), Sales Management"
HR Trainee,Humanhire Corp,Jaipur,"₹ 5,000 - 7,500 /month","English Proficiency (Spoken), Effective Communication"
Talent Acquisition,Humanhire Corp,Jaipur,"₹ 8,000 - 11,500 /month",English Proficiency (Spoken)
HR Assistant,Humanhire Corp,Jaipur,"₹ 8,000 - 11,000 /month",English Proficiency (Spoken)
Graphic Design,TechXR Innovations Private Limited,Bhopal,"₹ 15,000 - 18,000 /month","Adobe Photoshop, Adobe Illustrator, Adobe Creative Suite"
Project (Operations),Sentriscope Data Intelligence Private Limited,Lucknow,"₹ 8,000 - 10,000 /month","Project Management, MS-Word, MS-Excel, English Proficiency (Spoken), English Proficiency (Written), Market research"
Inside Sales,Aekot Consulting And Technologies Private Limited,Bangalore,"₹ 20,000 /month","Cold Calling, Lead Generation, Business Development, Sales"
Video Editing/Making,ZENFLOW FINANCE PRIVATE LIMITED,Work from home,"₹ 4,000 /month","Adobe Photoshop, Adobe Illustrator, Video Editing, Adobe Premiere Pro, Final Cut Pro, Video Making"
Social Media Marketing,Next Step Talents Private Limited,"Kolkata, Noida, New Town","₹ 23,000 - 55,000 /month","Social Media Marketing, Search Engine Optimization (SEO)"
Video Editing/Making,Dr. Veda,Delhi,"₹ 5,000 - 10,000 /month","Video Editing, Adobe Premiere Pro, Video Making"
Business Development (Sales),Aawas Yojana,Dehradun,"₹ 18,000 - 30,000 /month","English Proficiency (Spoken), Hindi Proficiency (Spoken), Interpersonal skills, Effective Communication"
Field Sales,Artify,Pune,"₹ 7,000 - 15,000 /month","Client Relationship, Sales, Field Sales"
Social Media & Content Creation,Innow8,Mohali,"₹ 8,000 - 12,000 /month","Social Media Marketing, Content Writing, Video Editing, Videography, Digital Marketing, Photography, Canva"
Human Resources (HR),Talent Corner HR Services,Mumbai,"₹ 5,000 /month","Problem Solving, Adaptability, Interpersonal skills, Effective Communication, Resume Screening"
Human Resources (HR),Solastaa Hair And Skin Private Limited,"Thane, Kalyan, Ambernath","₹ 10,000 - 15,000 /month","MS-Office, MS-Word, MS-Excel, English Proficiency (Spoken), English Proficiency (Written)"
Dietetics/Nutrition,Wo Health Pvt Ltd,Delhi,"₹ 15,000 - 35,000 /month","Coordination, English Proficiency (Written), Dietetics/Nutrition, Sales, Effective Communication"
Business Research,Ambrosia Botanical,Gurgaon,"₹ 12,000 /month","MS-Office, Report Writing, English Proficiency (Spoken), Research and Analytics"
Loan Officer,STARTUP GROWW CONSULTING SERVICES PRIVATE LIMITED,Delhi,"₹ 3,000 - 5,000 /month","Coordination, Data entry, Effective Communication"
E-commerce & Marketplace Management,Tesseract,Mumbai,"₹ 10,000 - 11,000 /month","MS-Word, MS-PowerPoint, E-commerce, MS-Excel, Problem Solving, Coordination, English Proficiency (Spoken)"
Trainee - Marketing & BD,DOTIX,Noida,"₹ 27,000 /month","Digital Marketing, Google AdWords, Market Analysis, Search Engine Optimization (SEO), Business Development, Market research, Sales"
Marketing,Rajagriham Estates Pvt Ltd,Bangalore,"₹ 3,000 - 5,000 /month","Social Media Marketing, Email Marketing"
Product Operations Trainee,DOTIX,Noida,"₹ 10,000 - 15,000 /month","Java, MySQL, MS-Excel, Power BI, Data Analysis, ChatGPT"
Hotel Management (Service),Shashank Chaudhary,Greater Noida,"₹ 2,000 - 5,000 /month","Hospitality, Effective Communication, Food Safety"
HR & Admin Executive,Govshop India Private Limited,Delhi,"₹ 15,000 - 20,000 /month","Coordination, English Proficiency (Spoken), English Proficiency (Written), Effective Communication"
Video Editing/Making,Career-Domain,Nagpur,"₹ 2,000 - 5,000 /month","Adobe Photoshop, Adobe Illustrator, Video Editing, Adobe Premiere Pro, Final Cut Pro, Video Making"
Inside Sales Executive,SkillOrbit,Bangalore,"₹ 18,000 - 20,000 /month","Time Management, Multitasking, MS-Excel, Coordination, Interpersonal skills, Effective Communication, Collaboration"
Sales Growth Associate (Trainee),FitSpark India Private Limited,Delhi,"₹ 7,000 - 14,000 /month","MS-Excel, Sales Support, English Proficiency (Spoken), English Proficiency (Written), Interpersonal skills, Effective Communication, Email Management"
Business Consultant,AIT Global India Private Limited,Chennai,"₹ 35,000 - 39,000 /month","Presentation skills, Interviewing, Report Writing, Consulting, Requirements Gathering"
Quality Control (food),Farmdidi,Pune,"₹ 8,000 - 10,000 /month",Quality Assurance/Quality Control (QA/QC)
Sales,Fission Infotech,Hyderabad,"₹ 7,000 - 13,000 /month","Cold Calling, Interpersonal skills, Effective Communication"
Placement Coordinator,Internshala,Gurgaon,"₹ 18,000 /month","MS-Word, MS-Excel, English Proficiency (Spoken), English Proficiency (Written)"
Subject Matter Expert (Civil Engineering ),Skorokryl Solutions Private Limited,Jaipur,"₹ 10,000 - 15,000 /month","AutoCAD, Autodesk Revit, STAAD.Pro, English Proficiency (Spoken), English Proficiency (Written)"
Video Editing/Making,Ambrosia Botanical,"Delhi, Gurgaon","₹ 12,000 /month","Adobe Photoshop, Video Editing"
Graphic And Product Designer (3 Months - Contract),Janapada Udayan Welfare Foundation,Hosur,"₹ 12,000 - 15,000 /month","Adobe Photoshop, Adobe Illustrator, Video Editing, Product Development, Canva, Figma"
Digital Marketing,American Hairline,Mumbai,"₹ 3,000 - 10,000 /month","Social Media Marketing, Digital Marketing, Search Engine Optimization (SEO), Facebook Marketing, Instagram Marketing"
Influencer Marketing,Dr. Veda,Delhi,"₹ 5,000 - 10,000 /month",Influencer Marketing
Search Engine Optimization (SEO),Tidal7 Asia - A J7 Agency,Mumbai,"₹ 12,000 - 20,000 /month","Google Analytics, Search Engine Optimization (SEO), English Proficiency (Written), Google Tag Manager, Google Keyword Planner, Google Search Console"
Influencer Marketing & Growth Trainee,Digital Web Solutions,Bangalore,"₹ 10,000 /month","Social Media Marketing, Digital Marketing, Time Management, Multitasking, Client Relationship, Effective Communication"
Mechanical Design,Greenleap Robotics Private Limited,Ghaziabad,"₹ 14,000 /month","SolidWorks, Production Engineering, Design Thinking, Mechanical & Electrical Product Design"
Finance,ZENFLOW FINANCE PRIVATE LIMITED,Work from home,"₹ 3,000 /month","MS-Office, Accounting, Tally, MS-Excel, Financial Modeling, English Proficiency (Spoken), English Proficiency (Written)"
Business Development (Sales),Ramyoz,Noida,"₹ 20,000 /month","English Proficiency (Spoken), Effective Communication"
Sales and Marketing,Hbeonlabs Technologies  Private Limited,Noida,"₹ 10,000 - 12,000 /month",Technical Support
Backend Development,Next Step Talents Private Limited,"Kolkata, New Town","₹ 13,000 - 15,000 /month","PHP, HTML, Node.js"
Customer Service/Customer Support,InstaWeb Labs Private Limited,Mumbai,"₹ 11,000 - 35,000 /month","Technical Support, English Proficiency (Spoken), English Proficiency (Written), Interpersonal skills, Effective Communication, Customer Support"
Graphic Design,International Institute Of Data Science & Technology,Mumbai,"₹ 10,000 - 20,000 /month","Adobe Photoshop, CorelDRAW, Adobe Illustrator, Video Editing, Adobe Premiere Pro, Adobe Creative Suite"
Law/Legal,Rajagriham Estates Pvt Ltd,Bangalore,Unpaid,"MS-Word, Legal Research, Legal Drafting, Legal Writing"
Videographer,Aureva Wealth Advisors Private Limited,Mumbai,"₹ 8,000 - 10,000 /month","Video Editing, Videography, Video Making"
Human Resource Operation,Heterize Infotech Private Limited,Indore,"₹ 6,000 - 9,000 /month","MS-Excel, Problem Solving, English Proficiency (Spoken), Effective Communication"
Educational Consultant,Proedge Skill Development & Edutech Private Limited,Bangalore,"₹ 25,000 - 40,000 /month","Client Interaction, Client Relationship, Effective Communication"
Human Resources (HR),InstaWeb Labs Private Limited,Mumbai,"₹ 17,000 - 45,000 /month","Recruitment, Market Analysis, English Proficiency (Spoken), English Proficiency (Written), Market research, Effective Communication"
Human Resources (HR),Reliable Allied Services,"Delhi, Ghaziabad, Greater Noida, Noida","₹ 6,500 - 12,000 /month","MS-Word, MS-Excel, English Proficiency (Spoken), Effective Communication"
Talent Acquisition,Grexa AI Private Limited,"Thane, Navi Mumbai, Dombivli, Kalyan, Mumbai, Vashi, Panvel","₹ 10,000 - 15,000 /month","Recruitment, Human Resources, English Proficiency (Spoken), English Proficiency (Written), Effective Communication"
Business Development (Sales),InstaWeb Labs Private Limited,Mumbai,"₹ 8,000 - 35,000 /month","Inside Sales, Sales"
Recruitment,EarlyJobs,Work from home,Unpaid,"MS-Office, Recruitment, English Proficiency (Spoken)"
Business Development (Sales),Indian School Of Success,Ahmedabad,"₹ 15,000 - 25,000 /month","English Proficiency (Spoken), English Proficiency (Written)"
SEO,Ferventers Techworks Private Limited,Chennai,"₹ 5,000 - 5,500 /month","Digital Marketing, Search Engine Optimization (SEO), English Proficiency (Spoken), English Proficiency (Written)"
Social Media Marketing,InstaWeb Labs Private Limited,Mumbai,"₹ 10,000 - 15,000 /month","Social Media Marketing, Search Engine Marketing (SEM), Digital Marketing, Search Engine Optimization (SEO), Facebook Marketing, Creative Writing, English Proficiency (Spoken)"
Human Resources (HR),Grexa AI Private Limited,"Thane, Navi Mumbai, Mumbai, Panvel","₹ 10,000 - 20,000 /month","MS-Office, English Proficiency (Spoken), English Proficiency (Written), Employment engagement, Administrative Support"
Business Strategy,Career-Domain,Nagpur,"₹ 5,000 /month","MS-PowerPoint, MS-Excel, English Proficiency (Spoken), English Proficiency (Written)"
Tech News Editor (WordPress),Abhinava Innovations,Kolkata,"₹ 5,000 /month","CMS (Content Management System), Proofreading, English Proficiency (Written), Content Editing"
Hotel Management,SkillLevel,Work from home,"₹ 10,000 - 13,000 /month","Entrepreneurship, Culinary Arts, Data Analysis"
Digital Marketing,Ramyoz,Noida,"₹ 10,000 /month","Video Editing, Adobe Premiere Pro, Capcut"
AI Agent Development,"TZURONI LTD. (Kefar Sava, Israel)",Work from home,"₹ 5,000 - 7,000 /month","Python, Microsoft Azure, Stock Trading, LLMOps, LLM evaluation"
Amazon & Flipkart E-Commerce Executive,VyomBox,Greater Noida West,"₹ 12,500 - 18,000 /month","Digital Marketing, Computer skills, Digital Advertising, Internet"
Videgraphy & Video Editor,Cocoma Digital Private Limited,Mumbai,"₹ 8,000 - 10,000 /month","Creativity, Video Editing, Adobe Premiere Pro, Videography, Attention to Detail, Storytelling, Capcut"
Operations Executive - Telugu,Astrotalk,Work from home,"₹ 15,000 - 20,000 /month","Tamil Proficiency (Spoken), Tamil Proficiency (Written), Kannada Proficiency (Spoken), Kannada Proficiency (Written), Malayalam Proficiency (Spoken), Malayalam Proficiency (Written)"
Computer Vision,Euphotic Labs Private Limited,Bangalore,"₹ 15,000 - 25,000 /month","Python, Computer Vision, Deep Learning"
Digital Marketing,MJVS FASHION SERVICES PVT LTD,Mumbai,"₹ 3,000 - 5,000 /month",Social Media Marketing
Lead Generation,Group Futurista,Work from home,"₹ 6,000 - 8,000 /month","English Proficiency (Spoken), English Proficiency (Written), Sales"
Event Management,United Consultancy & Services,Surat,"₹ 17,000 - 62,000 /month","MS-Office, Event Management, MS-PowerPoint, Networking, Vendor Management, MS-Excel, English Proficiency (Spoken)"
Graphic Design,FirstSportz,Work from home,"₹ 6,000 /month","Adobe Photoshop, CorelDRAW, Adobe Premiere Pro"
E-Commerce Business Management,RuralEquip PVT Ltd,Bangalore,"₹ 5,500 - 20,000 /month","Market Analysis, Inventory Management, Procurement, Market research, Marketing Automation, Order Management"
Volunteering,Pawzz,Work from home,"₹ 1,500 - 15,000 /month","Time Management, English Proficiency (Spoken), English Proficiency (Written), Hindi Proficiency (Spoken), Sales, Marketing, Effective Communication"
E-commerce Operations and Calling Executive,M Z S ENTERPRISES,Delhi,"₹ 7,000 - 11,000 /month","Critical thinking, MS-Excel, Problem Solving, English Proficiency (Spoken), Hindi Proficiency (Spoken)"
Digital Marketing,Tidal7 Asia - A J7 Agency,Mumbai,"₹ 6,000 - 10,000 /month","Google Analytics, Search Engine Marketing (SEM), Google AdWords, Facebook Ads, Instagram Ads, Google Tag Manager, LinkedIn Ads"
Sales and Marketing,Vikash Tech Solution,"Bhavnagar, Vadodara, Bharuch, Ahemdabad Kasora","₹ 13,000 - 17,000 /month","MS-Excel, Interpersonal skills, Effective Communication"
UI/UX Design,Circle Health,Bangalore,"₹ 25,000 - 30,000 /month","User Interface (UI) Development, Wireframing, UI & UX Design, Figma"
Lead Generation,Vizzard,Work from home,"₹ 6,000 - 20,000 /month","Google Docs, Lead Generation, English Proficiency (Spoken), English Proficiency (Written), Sales, Effective Communication"
Social Outreach,NayePankh Foundation,Work from home,"₹ 1,500 - 15,000 lump sum","Social Media Marketing, Negotiation, MS-Word, Email Marketing, MS-Excel, Computer skills, Business Analysis"
Field Sales,Aggarwal Travel Associates Private Limited,Work from home,"₹ 5,001 - 40,000 /month","English Proficiency (Spoken), Hindi Proficiency (Spoken)"
Business Consultant,NayePankh Foundation,Work from home,"₹ 1,500 - 15,000 lump sum","Market Analysis, MS-Excel, Business Analysis, Advanced Excel, Business Research, Client Relationship, English Proficiency (Spoken)"
Semi Qualified Company Secretary,STARTUP GROWW CONSULTING SERVICES PRIVATE LIMITED,Delhi,"₹ 25,000 - 35,000 /month","MS-Office, Problem Solving, Teamwork, Effective Communication"
Content Writing,Aarohan Agri Products PVT.LTD,Bhopal,"₹ 5,000 - 6,000 /month","Blogging, English Proficiency (Written), Hindi Proficiency (Written), Research and Analytics"
Receptionist,Kayakriti Plastic Sugery And Dental Centre,Lucknow,"₹ 8,000 - 10,000 /month","MS-Office, MS-Word, MS-Excel, Computer skills, Effective Communication, Document Management"
Business Development (Sales),Evavo Wellness & Solutions LLP,Mumbai,"₹ 20,000 - 30,000 /month","Social Media Marketing, Digital Marketing, Email Marketing, B2B Sales, English Proficiency (Written)"
1 Week Fundraising,NayePankh Foundation,Work from home,"₹ 1,500 - 15,000 lump sum","Social Media Marketing, Negotiation, Time Management, Networking, Cold Calling, Lead Generation, Advanced Excel"
Curriculum Development,STEMpedia,Ahmedabad,"₹ 10,000 - 15,000 /month","Content Writing, Python, Effective Communication, Curriculum Development"
E-commerce Executive,Paras Paper Mart,Vadodara,"₹ 11,000 - 16,000 /month",E-commerce
Video Presenter/Anchor (YouTube & Instagram),Kinder Pandas Playschool,"Chandigarh, Mohali, Pinjore, Panchkula","₹ 8,000 - 30,000 /month","Public Speaking, Anchoring, Effective Communication"
Business Development (Sales),Corevia Services Pvt Ltd.,Jaipur,"₹ 2,500 - 10,000 /month",Effective Communication
Accountant,EMIAC Technologies,Gopalpura,"₹ 8,000 - 10,000 /month","Tally, MS-Excel, Accounting Software, Zoho Books"
Digital Marketing,Paras Paper Mart,Vadodara,"₹ 11,000 - 16,000 /month","Digital Marketing, E-commerce"
Marketing,Cynergi,Mumbai,"₹ 5,000 /month","Social Media Marketing, Digital Marketing, Email Marketing"
Real Estate Tech Investments,HDFC Capital Advisors Limited,Gandhinagar,"₹ 15,000 - 25,000 /month","MS-Office, MS-Word, MS-PowerPoint, MS-Excel"
Content Strategist + Executor (CapCut Pro),CALIN,Gurgaon,"₹ 18,000 - 20,000 /month","Social Media Marketing, Content Writing, Adobe Photoshop, Research and Analytics, Capcut, Content Editing"
Motion Graphics,Magblack,Work from home,"₹ 9,000 - 17,000 /month","Adobe Photoshop, Video Editing, Adobe Premiere Pro, Video Making, Animation, Adobe After Effects"
Founders Office - Community Growth,Kitchen & Gupshup,Guwahati,"₹ 8,000 - 10,000 /month","Project Management, Strategy, Interpersonal skills, Effective Communication, Community Management"
Recruitment Consultant,ICS Consultancy Services,Bangalore,"₹ 14,000 - 21,000 lump sum","MS-Office, Recruitment, MS-Excel, English Proficiency (Spoken)"
Law/Legal,Rajagriham Estates Pvt Ltd,Bangalore,"₹ 3,000 - 5,000 /month","MS-Word, Legal Research, Legal Drafting, English Proficiency (Spoken), English Proficiency (Written), Legal Writing"
Content Writing,Fission Infotech,Hyderabad,"₹ 5,000 - 10,000 /month","Content Writing, Blogging, Digital Marketing, Search Engine Optimization (SEO), Creative Writing, Storytelling, English Proficiency (Spoken)"
Content Creator,TG Levels Private Limited,Navi Mumbai,"₹ 5,000 - 8,000 /month","Content Writing, Finance, Market Analysis, Content Marketing, Stock Trading"
Product Design (Accessories),The Souled Store,Mumbai,"₹ 9,000 - 10,000 /month","Adobe Photoshop, Adobe Illustrator"
Customer Support,TechXR Innovations Private Limited,Bhopal,"₹ 12,000 - 16,000 /month","Interpersonal skills, Effective Communication"
Business Development (Sales),Innow8,"Chandigarh, Mohali, Punjab","₹ 8,000 - 12,000 /month","Digital Marketing, Email Marketing, MS-Excel, Client Relationship Management (CRM), Lead Generation, English Proficiency (Spoken), English Proficiency (Written)"
Inside Sales,Maxleben Advisory,Mohali,"₹ 7,000 - 12,000 /month","Client Interaction, Coordination, Teamwork, Effective Communication"
Recruitment,Ikamate HR India Private Limited,Ahmedabad,"₹ 5,000 - 15,000 /month","MS-Office, MS-Excel, English Proficiency (Spoken), English Proficiency (Written)"
Data Entry,Jano.health,Cuttack,"₹ 10,000 /month","Data entry, Advanced Excel, Odia Proficiency(Written), Odia Proficiency(Spoken), Interpersonal skills, Clinical Data Management"
Teaching,Advaitam Child Enrichment And Daycare Centre,Bangalore,"₹ 10,000 /month","Creative Writing, Teaching, English Proficiency (Spoken), English Proficiency (Written)"
Mechatronics,SkillLevel,Work from home,"₹ 12,000 - 15,000 /month","AutoCAD, Python, SolidWorks, Robotics, Raspberry Pi, Embedded Systems, Arduino"
Business Development (Sales),Highway Delite,Guwahati,"₹ 6,000 - 6,001 /month","Social Media Marketing, Digital Marketing, MS-Excel, Inside Sales, English Proficiency (Written), Sales Strategy"
Content and Social Media Marketing,1 Stop Cine Digital Private Limited,Mumbai,"₹ 6,000 - 6,001 /month","Video Editing, Marketing Strategy, Content Editing"
Inside Sales,Jungleworks,"Chandigarh, Ludhiana, Phagwara, Mohali, Zirakpur, Panchkula, Jammu","₹ 13,000 - 15,000 /month",Sales
Telecalling,AMSA,Nagpur,"₹ 2,000 - 5,000 /month","English Proficiency (Spoken), Hindi Proficiency (Spoken), Marathi Proficiency(Spoken), Sales, Effective Communication"
Social Media Marketing,Simtrak,Kolkata,"₹ 4,000 /month","Social Media Marketing, Digital Marketing, Canva"
Social Media Marketing,Nukkad Cafe,Pune,"₹ 8,000 - 12,000 /month","Social Media Marketing, Creative Writing, English Proficiency (Written), Instagram Marketing"
Educational Consultant,Digital Reach,Dehradun,"₹ 7,000 - 9,000 /month","MS-Word, MS-Excel, Client Relationship Management (CRM), Counseling, English Proficiency (Spoken), English Proficiency (Written), Interpersonal skills"
Operations,R.G.J.DASS,Secunderabad,"₹ 10,000 - 10,001 /month","MS-Word, Accounting, MS-Excel, Data entry, Inventory Management, English Proficiency (Written)"
Automation Testing,InstaWeb Labs Private Limited,Mumbai,"₹ 10,000 - 15,000 /month","JavaScript, Python, Selenium, Software Testing, Appium"
Business Development (Female),MiM-Essay,Delhi,"₹ 15,000 /month","Client Relationship Management (CRM), Lead Generation, LinkedIn Marketing, English Proficiency (Spoken), English Proficiency (Written), Sales Strategy"
Product Management,InstaWeb Labs Private Limited,Mumbai,"₹ 10,000 - 15,000 /month","Product Management, Production Engineering, English Proficiency (Spoken), Product Lifecycle Management(PLM), Product Strategy"
Graphic Design,Digital Heroes,Lucknow,"₹ 20,000 - 25,000 /month","Adobe Photoshop, CorelDRAW, Adobe Illustrator, Video Editing, Adobe Premiere Pro"
Video Editing/Making,Pure Cosmeceuticals Private Limited,Jaipur,"₹ 8,000 - 12,000 /month","Video Editing, Adobe Premiere Pro, Animation, Adobe After Effects"
Graphic Design,Enpointe,Mumbai,"₹ 10,001 - 12,002 /month","Adobe Photoshop, Adobe Illustrator, MS-PowerPoint, UI & UX Design, Storytelling, Design Thinking, Layout Design"
Business Development,Matsolvion Private Limited,Panvel,"₹ 10,000 - 12,000 /month","Digital Marketing, Web Design, Online Reputation Management, Procurement, Business Development, Sales, Content Editing"
Newsletter Operations,Giant Leap,Work from home,"₹ 3,000 - 5,000 /month","Email Marketing, Automation"
Social Media Marketing,Sedani Digital Private Limited,Ahmedabad,"₹ 5,000 /month","Social Media Marketing, Search Engine Marketing (SEM), Email Marketing"
Executive Assistant (Founders Office),Afforestt Eco Services Private Limited,Kashipur,"₹ 10,000 /month","MS-Excel, English Proficiency (Spoken), English Proficiency (Written), Office Management"
Video Editing/Making,Kustard Technologies Private Limited,Hyderabad,"₹ 10,000 - 12,000 /month","Adobe Photoshop, Video Editing, Adobe Premiere Pro, Final Cut Pro, Adobe After Effects, Motion Graphics"
Video Editing/Making,Vkare Bio Sciences Private Limited,"Delhi, Ghaziabad, Noida","₹ 5,000 - 6,000 /month","Social Media Marketing, Adobe Illustrator, Video Editing, Final Cut Pro, Video Making, Content Management, Content Marketing"
Video Editing/Making,Higher Education Centre,Delhi,"₹ 8,000 - 14,000 /month","Adobe Photoshop, Adobe Illustrator, Adobe Premiere Pro, Adobe After Effects, Canva, Capcut"
Operations,ODN Digital Services Private Limited,Delhi,"₹ 6,000 - 10,000 /month","MS-Office, MS-PowerPoint, Time Management, Operations, MS-Excel, Report Writing, Marketing Strategy"
Interior Design,Acitystudio,"Patna, Bihar","₹ 8,000 - 12,000 /month","AutoCAD, Adobe Photoshop, Google SketchUp, Autodesk 3ds Max"
Administration,Next Step Talents Private Limited,"Kolkata, New Town","₹ 13,000 - 25,000 /month","MS-Office, MS-Word, MS-PowerPoint, MS-Excel, English Proficiency (Spoken)"
Video Editing/Making,Orvador,Mohali,"₹ 8,000 - 10,000 /month","Adobe Photoshop, Adobe Illustrator, Video Editing, Adobe Premiere Pro, Final Cut Pro, Video Making"
Talent Acquisition,Talent Corner HR Services,Mumbai,"₹ 3,000 - 5,000 /month","Effective Communication, Resume Screening, Interview Coordination"
Artificial Intelligence (AI),Assetcues Solutions Private Limited,Pune,"₹ 5,000 - 20,000 /month","Python, Machine Learning, Data Science, Natural Language Processing (NLP), Deep Learning, Artificial intelligence"
Video Editing/Making,Testline,Bangalore,"₹ 12,000 - 35,000 /month","Adobe Photoshop, Adobe Illustrator, Video Editing, Adobe Premiere Pro, Final Cut Pro, Video Making"
Business Development (Sales),SYKAM ASSETS MANAGEMENT (OPC) PRIVATE LIMITED,Hyderabad,"₹ 8,000 - 14,001 /month","Social Media Marketing, MS-Office, Digital Marketing, Email Marketing, MS-Excel, Client Relationship Management (CRM), Sales Management"
Sales,BNM Business Solutions LLP,"Navi Mumbai, Mumbai","₹ 28,000 - 40,000 /month","Negotiation, Client Interaction, Client Relationship, English Proficiency (Spoken), Effective Communication"
Database Building/Management,Dahlia Technologies Pvt. Ltd.,Ahmedabad,"₹ 10,000 - 15,000 /month","MS-Office, Operations, MS-Excel, Effective Communication"
Teaching,SR University,Warangal Urban,"₹ 20,000 /month","Java, Python, Algorithms, Data Structures, Teaching, C Programming, Web development"
Sales and Marketing,Fabapps Lab Pvt Ltd,Chandigarh,"₹ 20,000 - 25,000 /month","MS-Office, Canva, Interpersonal skills, Effective Communication"
Customer Service/Customer Support,Testline,Bangalore,"₹ 12,000 - 25,000 /month","Problem Solving, English Proficiency (Spoken), Hindi Proficiency (Spoken), Interpersonal skills, Effective Communication"
Field Marketing,Sabka Wellnesson Private Limited,Hyderabad,"₹ 12,000 - 30,000 /month","Sales Management, English Proficiency (Spoken), Hindi Proficiency (Spoken), Telugu Proficiency (Spoken), Interpersonal skills, Marketing, Effective Communication"
Telecalling,Careerline Education,Ahmedabad,"₹ 5,000 - 7,500 /month","MS-Office, MS-Excel, English Proficiency (Spoken), Adaptability, Self-learning"
Sales and Marketing,Tnath Private Limited,Bangalore,"₹ 12,000 - 37,000 /month","English Proficiency (Spoken), Sales, Marketing"
Graphic Design,Pratap Polysacks Limited,"Kolkata, Howrah, Bidhan Nagar","₹ 6,000 - 8,000 /month","Adobe Photoshop, Adobe Illustrator, Adobe Creative Suite"
Sales Operations,Grexa AI Private Limited,"Thane, Navi Mumbai, Mumbai","₹ 10,000 - 15,000 /month","Analytical Thinking, Problem Solving, Effective Communication"
Content Writing,Sahayak Associates,"Chandigarh, Mohali, Panchkula","₹ 5,000 - 10,000 /month","Search Engine Optimization (SEO), English Proficiency (Written)"
Architect,Invictus Global Tech,Chennai,"₹ 15,000 - 20,000 /month","AutoCAD, Adobe Photoshop, Google SketchUp, Lumion, Rendering, Enscape"
Content and Social Media Marketing,Iron Lady,Bangalore,"₹ 14,000 - 15,000 /month","Social Media Marketing, Content Writing, Facebook Marketing, Content Management, Content Marketing, LinkedIn Marketing, Instagram Marketing"
GTM,Goodera,Bangalore,"₹ 18,000 - 20,000 /month","Content Writing, Search Engine Optimization (SEO), Market research, Marketing"
Content Writing,Brandshark,Bangalore,"₹ 10,000 /month","Blogging, Search Engine Optimization (SEO), Creative Writing, English Proficiency (Spoken), English Proficiency (Written)"
Subject Matter Expert-Maths,QA Solvers,Work from home,"₹ 10,000 - 20,000 /month","LaTeX, Effective Communication"
Content Writing,Goodera,Bangalore,"₹ 15,000 - 20,000 /month","Social Media Marketing, Blogging, Search Engine Optimization (SEO), Creative Writing, English Proficiency (Written)"
Event Management,Breakout,Bangalore,"₹ 10,000 - 15,000 /month","English Proficiency (Spoken), Anchoring, Effective Communication"
Digital Marketing,Envision Next LLP,"Thane, Navi Mumbai, Mumbai, Panvel","₹ 10,000 - 15,000 /month","Social Media Marketing, MS-Office, Content Writing, Google Analytics, Search Engine Marketing (SEM), Digital Marketing, Google AdWords"
Event Management,Strategic Engagement And Event Solutions (SEES),Delhi,"₹ 12,000 /month","MS-Office, Event Management, Project Management, Presentation skills, Operations, Vendor Management, MS-Excel"
Influencer Marketing,Ink Revenue,Gurgaon,"₹ 15,000 /month","Social Media Marketing, Leadership, Influencer Marketing, Collaboration"
International Business Development,APOGEE Sourcing,Gurgaon,"₹ 16,000 - 21,000 /month","MS-Office, Digital Marketing, Email Marketing, English Proficiency (Spoken), English Proficiency (Written)"
HR Assistant,HNS Gold Private Limited,Bangalore,"₹ 20,000 - 25,000 /month","Recruitment, MS-Excel, Talent Management, Effective Communication"
Social Media Marketing,The Design Cart,"Faridabad, Delhi, Ghaziabad, Gurgaon, Noida","₹ 6,000 - 10,000 /month","Social Media Marketing, Adobe Photoshop, Photography, Video Making, English Proficiency (Spoken), English Proficiency (Written), Canva"
General Management,The Product Folks,Ahmedabad,"₹ 5,000 - 10,000 /month","English Proficiency (Spoken), English Proficiency (Written)"
Content and Social Media Marketing,Game Changers TexFab Private Limited,Gurgaon,"₹ 10,000 - 15,000 /month","Adobe Photoshop, Adobe Illustrator, Creative Thinking, Analytical Thinking, MS-Excel, Canva, Creative Direction"
Designer – UI/UX,Stirring Minds,"Faridabad, Delhi, Ghaziabad, Noida","₹ 8,000 - 10,000 /month","User Interface (UI) Development, Problem Solving, UI & UX Design, Prototyping, UX Research, Teamwork, Design Thinking"
Customer Support (Noida),Blue Rose Publishers,Noida,"₹ 10,000 - 13,000 /month","Negotiation, Problem Solving, Client Relationship, English Proficiency (Spoken), English Proficiency (Written), Hindi Proficiency (Spoken)"
Recruitment,P.R. GLolinks Consulting,Chennai,"₹ 12,000 /month","MS-Office, Typing, MS-Excel, English Proficiency (Spoken), English Proficiency (Written)"
Social Media And Content Creation,Pilgrim,Mumbai,"₹ 10,000 - 12,000 /month","Content Management, Canva"
Digital Illustrator,Internshala,Gurgaon,"₹ 18,000 /month","Adobe Photoshop, Adobe Illustrator, Adobe After Effects, Figma"
Video Editing/Making,Zero Latency India,Mumbai,"₹ 6,000 - 10,000 /month","Video Editing, Digital Marketing, Video Making, Instagram Marketing"
PHP Development,InstaWeb Labs Private Limited,Mumbai,"₹ 10,000 - 15,000 /month","PHP, MySQL, HTML, Laravel, REST API"
Tally Accountant,Next Step Talents Private Limited,"Kolkata, New Town","₹ 3,000 - 5,000 /month","Tally, MS-Excel, Enterprise Resource Planning(ERP)"
Human Resources (HR),White & Co,Coimbatore,"₹ 5,000 - 5,001 /month","MS-Office, MS-Excel, English Proficiency (Spoken), English Proficiency (Written), ChatGPT"
Blockchain Development,SortWind Private Limited,Work from home,"₹ 5,000 /month","PHP, MySQL, HTML, CSS, JavaScript, Python, MongoDB"
Yoga Teacher,Ekam Yoga,Jaipur,"₹ 5,000 - 25,000 /month",Effective Communication
Business Development (Sales),BNM Business Solutions LLP,"Navi Mumbai, Mumbai","₹ 30,000 - 40,000 /month","Negotiation, Client Interaction, Client Relationship, English Proficiency (Spoken), Effective Communication"
Graphic Design,Eka Studio By Sana,Delhi,"₹ 11,000 - 17,000 /month","Content Writing, Adobe Photoshop, CorelDRAW, Adobe Illustrator, Adobe Premiere Pro, Adobe Creative Suite, Search Engine Optimization (SEO)"
CAD Design,OMNIDYA TECH LLP,Ahmedabad,"₹ 10,001 - 20,000 /month","AutoCAD, SolidWorks, Catia, Robotics, Autodesk 3ds Max, 3D Printing, CNC"
Cinematography,Iblix Digital,Kolkata,"₹ 4,000 - 7,000 /month","Videography, Video Making"
Graphic Design,ViralChilly,Jaipur,"₹ 6,000 - 8,000 /month","Adobe Photoshop, CorelDRAW, Adobe Illustrator, Video Editing"
Business Development (Sales),Twocorex (OPC) Private Limited,"Thane, Navi Mumbai, Mumbai","₹ 10,000 - 20,000 /month","English Proficiency (Spoken), Sales"
Digital Marketing,Deva Developers,Kolkata,"₹ 15,000 - 18,000 /month","Social Media Marketing, Search Engine Marketing (SEM), Digital Marketing, Search Engine Optimization (SEO), Facebook Marketing, Email Marketing, MS-Excel"
Talent Acquisition,ViralChilly,Jaipur,"₹ 3,000 - 5,000 /month","MS-Office, Recruitment, MS-Word, MS-Excel, English Proficiency (Spoken), English Proficiency (Written)"
Business Development (Sales),EMIAC Technologies,Jaipur,"₹ 5,000 - 7,000 /month","Presentation skills, Time Management, Market research, Effective Communication"
SEO,EMIAC Technologies,Jaipur,"₹ 5,000 - 7,000 /month","Google Analytics, Digital Marketing, Search Engine Optimization (SEO), Effective Communication"
Business Development (Sales),ViralChilly,Jaipur,"₹ 3,000 - 5,000 /month","Email Marketing, MS-Excel, English Proficiency (Spoken), English Proficiency (Written), Effective Communication"
Architecture,Afforestt Eco Services Private Limited,Kashipur,"₹ 5,000 /month","AutoCAD, Google SketchUp"
Lead Generation,EMIAC Technologies,Jaipur,"₹ 5,000 - 7,000 /month","Social Media Marketing, Digital Marketing, Time Management, LinkedIn Marketing, Market research"
